marketing_channel,revenue,customers,channel,spend,roas,cac,ltv_cac_ratio
Organic Search,211193.24,492,Organic Search,30516.579999999998,6.9206064375496865,62.025569105691055,6.9206064375496865
Referral,92067.68,277,Referral,16577.28,5.553847193266929,59.845776173285195,5.553847193266929
Email,112496.56,330,Email,22408.01,5.02037262568162,67.9030606060606,5.02037262568162
Social,74598.86,217,Social,75467.23,0.9884934162814775,347.7752534562212,0.9884934162814774
Paid Search,113681.91,325,Paid Search,125820.81,0.9035223187642808,387.1409538461538,0.9035223187642808
